BCode;BVal;BLot;BFreq;BAvg;#;SCode;SVal;SLot;SFreq;SAvg;
BBRI;488193832500;83747700;7330;5829.34;1;BMRI;340991217500;51934500;3206;6565.79;
BMRI;485514557500;73917500;5468;6568.33;2;BBCA;275486860000;28387000;5415;9704.68;
BBCA;384813630000;39642000;7834;9707.22;3;BBRI;256100717500;43990200;2799;5821.77;
TLKM;170367145000;42452700;5002;4013.11;4;BBNI;153632527500;27427800;3759;5601.34;
BBNI;143794442500;25666700;2300;5602.37;5;ASII;108474890000;19714300;6116;5502.35;
UNTR;76909385000;3128700;3754;24581.90;6;UNTR;74768485000;3042400;3264;24575.49;
MAPI;67939603000;34835000;4801;1950.33;7;BREN;74698518000;15572100;5459;4796.95;
ASII;60682535000;11021800;2150;5505.68;8;TLKM;73617198000;18347100;1806;4012.47;
AMRT;59525711000;22241500;2111;2676.34;9;GOTO;65976172900;728923800;4856;90.51;
BREN;51333530000;10776400;3530;4763.51;10;TPIA;58722445000;16990800;3891;3456.13;
TPIA;49225939000;14128300;2720;3484.21;11;AMRT;55880241000;20845500;2687;2680.69;
BRPT;41093267500;39069500;3431;1051.80;12;AMMN;53549265000;7214700;1517;7422.24;
MNCN;40253805600;100195800;54662;401.75;13;MDKA;51049272000;21231500;3860;2404.41;
AKRA;35623798500;22240600;2449;1601.75;14;MAPA;48112294000;49669100;4454;968.66;
MDKA;30480917000;12705500;2096;2399.03;15;MNCN;41780054800;104600100;28419;399.43;
INDF;29931187500;4629600;1402;6465.18;16;INDF;34251302500;5300000;1979;6462.51;
ADRO;27450893000;10969600;1772;2502.45;17;KLBF;31798363500;20035400;1739;1587.11;
AMMN;23010077500;3102200;1070;7417.34;18;CTRA;30530975500;24473100;1362;1247.53;
GOTO;21016506500;232236200;1115;90.50;19;HEAL;29931134000;22335300;3604;1340.08;
ARTO;19018179000;5519800;2350;3445.45;20;MAPI;28222243000;14452800;2054;1952.72;
ISAT;18784045000;1905800;1257;9856.25;21;AKRA;26154995500;16343500;1624;1600.33;
CTRA;15233508000;12222500;496;1246.35;22;ANTM;25231343000;15691700;4351;1607.94;
PGEO;14697085000;11910900;1372;1233.92;23;BRPT;24864024500;23733300;2916;1047.64;
BMTR;14635128000;53991500;38002;271.06;24;INKP;19774525000;2434700;1225;8121.96;
BULL;14022323400;77835100;440;180.15;25;ICBP;19715522500;1769400;1532;11142.49;
CUAN;13942830000;1152300;620;12100.00;26;INCO;18935615000;4557600;1835;4154.73;
BRIS;13270089000;6882600;708;1928.06;27;SMGR;16021125000;2585800;1484;6195.81;
MAPA;13076240500;13538600;791;965.85;28;BMTR;15856964000;58266500;20620;272.15;
BBTN;12733055500;9518400;686;1337.73;29;ADRO;15071022000;6019000;1524;2503.91;
ICBP;12690690000;1140600;1149;11126.33;30;GJTL;13306792000;11122700;1655;1196.36;
UNVR;12280882000;3584800;1502;3425.82;31;MBMA;13172931000;20191300;1089;652.41;
KLBF;11539278000;7254100;1037;1590.72;32;UNVR;12778199000;3732300;1870;3423.68;
HEAL;11036857000;8268400;1340;1334.82;33;ACES;12233738500;15137900;1095;808.15;
BSDE;10747936000;10035200;577;1071.02;34;CPIN;8996421000;1900200;750;4734.46;
BBYB;10336696400;28649900;1349;360.79;35;ITMG;8231520000;300900;1027;27356.33;
INCO;9559607000;2300400;656;4155.63;36;PTBA;7958526000;2952400;1271;2695.61;
FILM;9032265000;1786700;1869;5055.28;37;BRIS;7931907000;4113500;1089;1928.26;
ANTM;9008415500;5598700;1143;1609.02;38;GGRM;7534127500;365900;527;20590.67;
TOWR;8996949000;9366100;1007;960.59;39;MYOR;7523441000;3080000;501;2442.68;
ACES;8938316000;11063600;1121;807.90;40;ISAT;7430592500;753700;598;9858.82;
MEDC;8119242000;6523600;1122;1244.60;41;BOGA;7256862000;6552800;387;1107.44;
MBMA;6701398000;10258600;516;653.25;42;MIKA;7073140000;2711000;844;2609.05;
GTRA;6635039600;16231400;1620;408.78;43;SMDR;6948418000;17852000;1168;389.22;
PRDA;6595622500;1223500;403;5390.78;44;MEDC;6683879500;5395600;737;1238.76;
MIKA;6364440000;2444300;569;2603.79;45;BBYB;6338837200;17425800;1305;363.76;
INKP;5722900000;704900;586;8118.74;46;EXCL;6050913000;2657200;539;2277.18;
CMRY;5042327000;1242100;635;4059.52;47;BUMI;6035588400;63741500;659;94.69;
ITMG;4910000000;179400;530;27369.01;48;BFIN;5965030500;4929200;470;1210.14;
EXCL;4852221000;2132800;946;2275.05;49;BBTN;5902740500;4411800;668;1337.94;
ADMR;4772186500;3618700;1309;1318.76;50;AVIA;5756445500;10700400;992;537.97;
MTEL;4441520000;6448600;2061;688.76;51;BIRD;5668327000;3140900;627;1804.68;
BNGA;4356574000;2487000;330;1751.74;52;LPPF;5582724000;2558900;926;2181.69;
PDPP;4276999200;10649300;632;401.62;53;PGAS;5430199500;4680500;1090;1160.18;
GGRM;3928407500;190100;209;20664.95;54;MTEL;5406048000;7849100;1958;688.75;
ELSA;3847958800;9242400;458;416.34;55;PRDA;5246950000;971800;203;5399.21;
BFIN;3811561000;3156600;401;1207.49;56;TCPI;5087502500;666300;167;7635.45;
CMNT;3607025500;3159800;83;1141.54;57;TOWR;4459982500;4634200;893;962.41;
ESSA;3459456000;5841400;239;592.23;58;CMRY;4332644000;1070000;912;4049.20;
TBIG;3325393500;1693600;276;1963.51;59;JSMR;4232041000;892600;431;4741.25;
CPIN;3300803000;696600;459;4738.45;60;BRMS;4140806600;24104000;848;171.79;
BUMI;3271783300;34480300;1464;94.89;61;NISP;3931577000;3143700;722;1250.62;
PGAS;3169491500;2729000;353;1161.41;62;NATO;3636557700;19593500;580;185.60;
TCPI;3013240000;392500;189;7677.04;63;SILO;3605878000;1619300;1189;2226.81;
OASA;2860670300;20708300;84;138.14;64;BULL;3602328900;19987100;240;180.23;
CGAS;2757519800;5099300;459;540.76;65;BIPI;3524551200;36144800;295;97.51;
MPMX;2606163000;2446100;236;1065.44;66;BUKA;3507779300;17614500;856;199.14;
HRTA;2557592200;6700400;457;381.71;67;APIC;3481918000;2451800;689;1420.15;
JSMR;2530293000;532600;547;4750.83;68;WIFI;3376705500;22386700;2384;150.84;
EMTK;2462004500;4479100;326;549.67;69;FILM;3353788500;662700;967;5060.79;
WIIM;2391191000;1322800;241;1807.67;70;BANK;3027884000;2312900;752;1309.13;
SMRA;2208168500;3705300;262;595.95;71;HMSP;2893362000;3251000;278;889.99;
PNLF;2199922200;8053800;450;273.15;72;DSNG;2809056000;5105300;148;550.22;
SCMA;2174475200;13729500;177;158.38;73;CARE;2782179800;15954800;395;174.38;
KIJA;2099139600;16446800;155;127.63;74;WIIM;2568705000;1434200;448;1791.04;
BUKA;2042114800;10255700;702;199.12;75;PGEO;2562820500;2087000;287;1227.99;
PTBA;2038281000;753700;357;2704.37;76;RAJA;2508359000;1865200;379;1344.82;
MARK;2007424000;2918300;85;687.87;77;DRMA;2338788500;1711900;567;1366.19;
SMGR;1937615000;312200;339;6206.33;78;TMAS;2214152500;12075500;862;183.36;
BRMS;1926334100;11219700;267;171.69;79;ARTO;2171498000;629500;173;3449.56;
INPP;1891204500;2641700;265;715.90;80;CGAS;2143397400;4068000;588;526.89;
GJTL;1801256000;1511600;337;1191.62;81;MPMX;2119031000;1976500;104;1072.11;
MTDL;1799437000;3428600;200;524.83;82;HRTA;2099793400;5500800;604;381.73;
SRTG;1728594000;1045800;361;1652.89;83;MTDL;1903403500;3625100;347;525.06;
PTRO;1706685000;369600;228;4617.65;84;INDY;1879699000;1181700;466;1590.67;
ADHI;1684260800;5288600;371;318.47;85;INPP;1873297500;2616600;257;715.93;
JPFA;1639027000;1449400;492;1130.83;86;SRTG;1770057500;1070200;220;1653.95;
ARNA;1635367500;2259700;148;723.71;87;BATA;1714107800;14967700;1741;114.52;
CARE;1608564400;9188300;101;175.07;88;ELSA;1626678200;3918300;125;415.15;
PANI;1552321000;340500;125;4558.95;89;BTPS;1610189000;944600;321;1704.63;
BANK;1479991000;1124800;285;1315.78;90;AALI;1592567500;222500;335;7157.61;
BTPS;1470478500;858500;166;1712.85;91;MARK;1537063500;2273200;92;676.17;
INTP;1467267500;158200;127;9274.76;92;EMTK;1452770000;2628800;280;552.64;
NATO;1428352900;7656700;33;186.55;93;INET;1403820300;18929500;1406;74.16;
CHEM;1401695100;10879200;553;128.84;94;KPIG;1368200000;21625000;8312;63.27;
WIFI;1398589600;9446200;140;148.06;95;SCMA;1342402000;8470600;333;158.48;
MIDI;1394840600;3492900;327;399.34;96;ESSA;1329843500;2250200;231;590.99;
HMSP;1360139500;1528200;111;890.03;97;XKMS;1316000000;1000000;1;1316.00;
IOTF;1343221300;8062700;502;166.60;98;CMNT;1310647000;1143300;162;1146.37;
SMDR;1269454200;3325700;112;381.71;99;TOBA;1308155800;4600700;320;284.34;
ABMM;1249234000;342300;171;3649.53;100;ULTJ;1302209000;756700;462;1720.91;
DEWA;1247858600;19761300;84;63.15;101;TBIG;1293040500;662600;284;1951.46;
HOKI;1239551700;6798900;519;182.32;102;MIDI;1257044800;3152500;421;398.75;
VKTR;1211126800;9850400;191;122.95;103;PDPP;1130860400;2766900;178;408.71;
HUMI;1184275700;7491500;122;158.08;104;GTRA;1108278000;2745700;795;403.64;
PWON;1169257800;2597800;167;450.10;105;TKIM;1102405000;160000;215;6890.03;
AUTO;1168388000;452600;288;2581.50;106;ACRO;1094366600;9892500;602;110.63;
TSPC;1160785000;568900;112;2040.40;107;OASA;1070030100;7758100;341;137.92;
TOBA;1110815800;4008800;99;277.09;108;MPXL;1051370600;3600200;332;292.03;
IRRA;1097537500;1888900;258;581.05;109;KOKA;1051219500;13045100;516;80.58;
KAEF;1084153500;1026400;348;1056.27;110;PTPS;1046933600;5579100;576;187.65;
SSMS;1066334500;1085900;121;981.98;111;TPMA;1016414000;1446600;343;702.62;
SILO;1053514000;475800;70;2214.20;112;ADMR;999941000;755400;189;1323.72;
MSJA;995350600;2648300;217;375.85;113;HATM;982496400;3649200;640;269.24;
TMAS;986396300;5463900;222;180.53;114;CASA;974616000;1417400;261;687.61;
CNMA;947151400;3524500;286;268.73;115;TSPC;971690000;476400;245;2039.65;
KPIG;942784600;14854500;12700;63.47;116;TINS;941020500;1485100;553;633.64;
NCKL;889450500;922800;111;963.86;117;SSIA;897045200;2388700;515;375.54;
TINS;864682500;1360700;248;635.47;118;MSJA;874857000;2317500;290;377.50;
INET;862163400;11697400;150;73.71;119;GZCO;868532100;7405900;559;117.28;
MPXL;784735800;2661000;52;294.90;120;SSMS;783404000;797900;360;981.83;
LPPF;766379000;350200;140;2188.40;121;PTRO;769451000;167000;125;4607.49;
PURI;761646600;3639200;56;209.29;122;AUTO;674666000;260900;167;2585.92;
BIPI;743371000;7640200;132;97.30;123;BABP;665510500;10340400;202;64.36;
BSML;710277300;4425000;108;160.51;124;MAYA;660751800;2885400;103;229.00;
ARCI;707838800;1791800;154;395.04;125;SGER;659868000;317500;362;2078.32;
UNIQ;686305100;3574100;83;192.02;126;HEXA;658865000;111100;60;5930.38;
NICE;685189500;1054700;155;649.65;127;CHEM;652728900;5077200;663;128.56;
AALI;647082500;90300;183;7165.92;128;SIDO;648744000;1244700;66;521.21;
MYOR;641972000;262100;24;2449.34;129;IRRA;608462500;1031200;168;590.05;
SIDO;630368000;1203700;230;523.69;130;IMPC;581740400;1510200;372;385.21;
ERAA;599485400;1416900;56;423.10;131;HILL;542355000;221700;34;2446.35;
PNBN;580583500;509300;115;1139.96;132;CASS;540150000;671500;99;804.39;
SMCB;547824000;424700;134;1289.91;133;AGRO;529808200;1688600;91;313.76;
DOID;539937800;1363900;131;395.88;134;PWON;523636800;1164900;179;449.51;
ENRG;537076600;2216300;87;242.33;135;RALS;520864500;1000000;92;520.86;
SMSM;529639000;246000;83;2153.00;136;ASSA;516540000;626800;162;824.09;
CASA;528522000;764500;201;691.33;137;JPFA;513575500;454300;80;1130.48;
AVIA;523963500;966900;108;541.90;138;NICE;511943000;794000;92;644.76;
HRUM;504643000;377600;38;1336.45;139;CNMA;498204800;1853100;256;268.85;
KOKA;504196900;6347700;196;79.43;140;INTP;492852500;53100;91;9281.59;
TAPG;495889000;895900;369;553.51;141;ARKO;486395500;730000;110;666.30;
NSSS;465330500;2569100;414;181.13;142;PTMP;479610400;2134100;519;224.74;
ACRO;465093800;4190700;257;110.98;143;BCAP;465246400;8967900;46;51.88;
GIAA;448386100;6064200;64;73.94;144;SMCB;462588500;356500;216;1297.58;
INDY;438370500;274600;74;1596.40;145;IMAS;460349500;298100;150;1544.28;
BDKR;435695000;846000;51;515.01;146;BSDE;456208500;425800;172;1071.41;
GZCO;431144500;3653000;137;118.02;147;SMIL;455793100;3813500;193;119.52;
BELI;429577000;897000;26;478.90;148;CUAN;451330000;37300;3;12100.00;
CASS;429036500;533900;76;803.59;149;SMSM;438301000;203300;63;2155.93;
VTNY;427743800;2382200;108;179.56;150;ARNA;426611000;587000;171;726.76;
RAJA;417768500;309400;86;1350.25;151;SURI;421717400;2501300;160;168.60;
MAYA;394227600;1733500;85;227.42;152;MAHA;414189200;2116900;228;195.66;
PTMP;388715000;1727900;83;224.96;153;NOBU;406339000;488600;100;831.64;
CFIN;388023500;769900;51;503.99;154;NCKL;402564500;419100;174;960.55;
BIRD;386853500;214200;134;1806.04;155;DOID;394464400;1001100;114;394.03;
KEEN;372573000;479200;67;777.49;156;JTPE;378825400;1220300;147;310.44;
EDGE;370430000;89000;144;4162.13;157;PALM;372724500;716300;159;520.35;
PTPS;366602800;1923200;99;190.62;158;IKPM;370485200;1449500;113;255.60;
NICL;362049400;1718800;47;210.64;159;ABMM;355142000;97000;57;3661.26;
ASLI;353921000;6266000;101;56.48;160;ERAA;350835600;834300;108;420.51;
PTPP;353560600;775400;91;455.97;161;KAEF;342620000;316600;123;1082.19;
BDMN;351220000;121300;139;2895.47;162;IOTF;341936400;2027700;194;168.63;
DOOH;344897500;4433400;40;77.80;163;PMMP;339143600;1071700;84;316.45;
PNIN;343116500;340600;37;1007.39;164;MSKY;325141700;2688300;207;120.95;
TUGU;326771500;296000;50;1103.96;165;MKPI;321575000;11600;22;27721.98;
BSBK;326639000;5703900;75;57.27;166;DOOH;321482300;4088300;66;78.63;
BBKP;326466800;4017900;53;81.25;167;HRUM;305177000;227500;58;1341.44;
DSNG;321200000;584000;50;550.00;168;TUGU;302362500;272200;108;1110.81;
BABP;308817400;4806500;34;64.25;169;BELI;295635600;616200;25;479.77;
JTPE;306929000;987200;31;310.91;170;BDKR;295440500;573100;131;515.51;
ASSA;297916000;366800;102;812.20;171;ADES;284705000;29900;25;9521.91;
MGRO;292808500;467900;40;625.79;172;MTMH;283186500;215400;31;1314.70;
MFIN;279836000;90200;49;3102.39;173;ARCI;281635200;717900;84;392.30;
IKPM;279416600;1104600;25;252.96;174;SOCI;281275100;1485200;69;189.39;
CHIP;275882000;126400;66;2182.61;175;BSBK;276909700;4818800;698;57.46;
BUDI;273399400;976000;53;280.12;176;UNIQ;274297800;1424700;84;192.53;
APIC;272901500;195000;26;1399.49;177;MSIN;269557000;90600;113;2975.24;
IMPC;259826400;677600;128;383.45;178;DEWA;268805900;4204200;10;63.94;
LSIP;246536000;275300;36;895.52;179;WOOD;259549000;865100;40;300.02;
FREN;245253800;4801100;74;51.08;180;DMAS;254555200;1571100;439;162.02;
MSIN;241661000;81200;92;2976.12;181;MBTO;235635900;2244500;5;104.98;
ADMF;232875000;20000;8;11643.75;182;KIJA;234421800;1814100;56;129.22;
BATA;232597900;2046400;229;113.66;183;PYFA;222984000;208000;78;1072.04;
HILL;232410000;94900;24;2449.00;184;WINS;221961200;538700;155;412.03;
BOGA;231976000;209600;26;1106.76;185;MGRO;219555500;350200;35;626.94;
DILD;222447400;1106800;82;200.98;186;WEHA;215865200;1321200;43;163.39;
DRMA;221101500;160800;121;1375.01;187;BHAT;202441000;511800;124;395.55;
BACA;211787700;1616700;1;131.00;188;BYAN;201112500;10200;9;19716.91;
MSKY;209645800;1753900;106;119.53;189;VKTR;197924700;1597600;36;123.89;
PMMP;204047400;645500;40;316.11;190;LMAX;195779500;1266000;2068;154.64;
MLBI;190792500;25000;8;7631.70;191;BSML;191407500;1197200;61;159.88;
ULTJ;190631000;111700;30;1706.63;192;SQMI;185418000;3459600;73;53.60;
TKIM;189500000;27500;40;6890.91;193;DSSA;185087500;1800;18;102826.39;
AYAM;189288500;1862600;17;101.63;194;SMMT;184356500;206500;75;892.77;
NISP;185454000;149100;19;1243.82;195;HUMI;182039800;1159300;13;157.03;
MBAP;185008000;42400;18;4363.40;196;FREN;178459200;3499200;21;51.00;
HEXA;178852500;30100;29;5941.94;197;NELY;177512500;336900;45;526.90;
RALS;173219000;329100;111;526.34;198;SPTO;175880000;309000;29;569.19;
DGIK;172249500;1904300;33;90.45;199;STAA;175609500;207000;73;848.36;
HATM;160214600;597100;21;268.32;200;JRPT;173195000;250000;8;692.78;
MTMH;151406500;115800;15;1307.48;201;GIAA;168914700;2313900;12;73.00;
AISA;143424300;1088300;63;131.79;202;MERK;168895000;40500;67;4170.25;
CRAB;138418800;425600;79;325.23;203;AYAM;168436300;1651500;1095;101.99;
DMMX;137365400;477000;50;287.98;204;PNBN;164570500;144500;11;1138.90;
BELL;137268900;1827400;99;75.12;205;PTPP;164485200;361000;65;455.64;
SMIL;136482100;1157800;25;117.88;206;AHAP;158134900;1609600;73;98.24;
AGRO;130863800;418500;15;312.70;207;TAPG;156274500;281300;117;555.54;
PYFA;129657500;122100;56;1061.90;208;EDGE;154002000;37000;93;4162.22;
RMKE;129473000;216000;22;599.41;209;SCCO;150950000;14200;37;10630.28;
SSIA;124670800;330500;30;377.22;210;KINO;149429500;118900;41;1256.77;
MKPI;122037500;4400;9;27735.80;211;KEJU;143698500;123500;48;1163.55;
WEGE;120000000;1500000;85;80.00;212;ASGR;141127000;152400;20;926.03;
DSSA;120000000;1200;12;100000.00;213;ELPI;140539600;482200;81;291.45;
IMAS;117475500;76400;36;1537.64;214;BNII;139147600;550000;31;253.00;
SCCO;117307500;11300;33;10381.19;215;SFAN;137115500;70600;24;1942.15;
FWCT;117084000;1447300;21;80.90;216;BTPN;129764000;50100;3;2590.10;
BSSR;113598000;29800;61;3812.01;217;NSSS;124996000;691700;124;180.71;
TGUK;113346100;1156100;48;98.04;218;DYAN;121326300;1509300;32;80.39;
BRPTDRCH4A;110000000;5000000;10;22.00;219;MSTI;118953000;88800;37;1339.56;
RAAM;109214000;189800;37;575.42;220;ACRO-W;116465300;5748600;87;20.26;
WINS;107984400;262300;46;411.68;221;CRAB;114916200;352700;75;325.82;
BBRM;104472700;1496700;47;69.80;222;BIKE;113515200;259700;41;437.10;
BIKE;103498800;236300;20;438.00;223;HAIS;113199000;462600;32;244.70;
BEST;97979300;699900;13;139.99;224;BBRM;113095900;1619600;35;69.83;
ELPI;94957600;326900;58;290.48;225;PANI;108185000;23800;55;4545.59;
BYAN;88850000;4500;16;19744.44;226;CLEO;105701500;155200;30;681.07;
NOBU;88344000;106200;29;831.86;227;PNLF;99145200;361200;15;274.49;
PRIM;85861900;1099200;22;78.11;228;ENRG;96207200;394300;31;243.99;
WEHA;80544400;495200;8;162.65;229;MITI;90440000;452700;30;199.78;
LPCK;79764000;117300;6;680.00;230;CFIN;88850000;177700;9;500.00;
GULA;78233000;241300;27;324.21;231;BJBR;78775500;66000;46;1193.57;
POWR;77580000;109000;95;711.74;232;TFAS;78508500;132300;72;593.41;
TEBE;76659000;97100;3;789.49;233;MICE;78468000;150900;6;520.00;
LTLS;75327000;63300;1;1190.00;234;ASLC;78412900;711200;102;110.25;
CYBR;73231100;385200;24;190.11;235;SMRA;77412000;128800;18;601.02;
IPCC;73064000;101900;151;717.02;236;FITT;77043500;133300;10;577.97;
MLIA;71755200;161600;18;444.03;237;ERAL;76205800;244600;38;311.55;
ASLC;71340400;647500;72;110.18;238;AMFG;74207500;12700;13;5843.11;
BJBR;69806000;58500;12;1193.26;239;JARR;73625000;296700;47;248.15;
TFAS;69480500;111200;34;624.82;240;GULA;72112000;220700;65;326.74;
FAPA;65190000;12300;14;5300.00;241;HOKI;71479800;390600;6;183.00;
PSDN;64888300;505300;29;128.42;242;ITIC;70711000;235500;35;300.26;
SMBR;63564000;230300;5;276.01;243;TRJA;69286000;250900;13;276.15;
ERAL;61600000;200000;3;308.00;244;AIMS;68343500;75700;5;902.82;
IMJS;61555200;216400;8;284.45;245;COAL;67645000;1352900;11;50.00;
BALI;61458500;46500;37;1321.69;246;OMED;67240000;330000;26;203.76;
BBHI;61017000;47300;3;1290.00;247;PSDN;61950700;480700;36;128.88;
LIFE;60852500;10100;2;6025.00;248;ASLI;61402000;1092000;31;56.23;
STAA;58692000;69300;75;846.93;249;WINE;59336600;159100;82;372.95;
TPMA;55119500;79100;7;696.83;250;MFIN;59205000;19000;9;3116.05;
BEER;53263800;198600;12;268.20;251;NZIA;57642900;612000;36;94.19;
BESS;52259200;233300;11;224.00;252;AWAN;56566400;216000;13;261.88;
AGRS;46980000;580000;17;81.00;253;TRON;55974600;224500;68;249.33;
SDPC;46521000;286000;16;162.66;254;BBKP;54759600;674800;13;81.15;
MPPA;45914000;718000;12;63.95;255;APEX;53729400;280200;24;191.75;
GLVA;45378000;102700;2;441.85;256;PAMG;51585000;670200;25;76.97;
UVCR;45333000;310500;1;146.00;257;BNGA;50716000;28900;16;1754.88;
ROTI;45008000;38800;13;1160.00;258;UCID;50550000;50300;13;1004.97;
AHAP;44791600;469200;8;95.46;259;TOTO;50413600;217300;27;232.00;
TOTL;41800000;106100;8;393.97;260;SNLK;49606600;104100;67;476.53;
ITMA;41377000;60800;13;680.54;261;PKPK;48583200;130600;1;372.00;
PAMG;41169200;541700;28;76.00;262;GEMS;48280000;8200;22;5887.80;
BNII;38746800;150500;17;257.45;263;PANR;48220400;108100;35;446.07;
SMLE-W;37036600;2469200;38;15.00;264;POWR;47996000;67600;28;710.00;
KRAS;35862100;251300;29;142.71;265;BBSS;47560500;572900;35;83.02;
NZIA;34487400;377800;21;91.28;266;RMKO;46734200;175600;28;266.14;
APLN;34205400;256200;9;133.51;267;IBOS;44691000;108800;21;410.76;
BBSS;34012600;416700;25;81.62;268;ROTI;43309500;37200;3;1164.23;
WINE;33767600;91300;26;369.85;269;ADHI;43291200;136300;93;317.62;
ENAK;32500000;25000;18;1300.00;270;MPPA;41088000;642000;31;64.00;
IPCM;31521600;112200;6;280.94;271;MANG;39090000;560200;33;69.78;
FIRE;31494700;267000;10;117.96;272;MLIA;38095000;85600;16;445.04;
RUIS;31487400;132300;19;238.00;273;LPKR;34834100;410900;28;84.78;
MLPL;30087800;420100;7;71.62;274;RAAM;30614000;53000;14;577.62;
CARS;29749900;306700;4;97.00;275;NFCX;30186000;7500;33;4024.80;
FITT;29390000;50200;3;585.46;276;LSIP;30119500;33600;32;896.41;
HAIS;28527200;117300;11;243.20;277;LEAD;28669300;427900;7;67.00;
PANR;27739200;62200;19;445.97;278;TYRE;28195600;237800;10;118.57;
ANJT;27084500;36600;9;740.01;279;AXIO;27598400;146800;1;188.00;
KING;26671900;197700;13;134.91;280;KING;26009300;197700;13;131.56;
SQMI;26659000;503000;2;53.00;281;SHID;25723500;14800;16;1738.07;
JARR;26346600;107100;5;246.00;282;KRAS;25511500;179500;26;142.13;
ITIC;25046600;82400;39;303.96;283;SOHO;24111000;51300;36;470.00;
RGAS;23735500;229900;32;103.24;284;MEGA;23337500;4500;6;5186.11;
ISSP;23270000;73600;10;316.17;285;IPCC;23094500;32300;21;715.00;
CITA;22333000;8200;10;2723.54;286;TRST;21574600;47600;25;453.25;
AIMS;22230000;24700;8;900.00;287;DMMX;20871000;72200;64;289.07;
SGER;21915000;10600;5;2067.45;288;SDPC;20782200;128600;15;161.60;
AWAN;21748200;83200;24;261.40;289;ESTA;20410600;264900;31;77.05;
UANG;20331000;29900;11;679.97;290;WEGE;19992000;249900;21;80.00;
MUTU;20282500;213500;2;95.00;291;JKON;19935000;221500;27;90.00;
UCID;20099000;20000;15;1004.95;292;TOTL;19183600;48200;3;398.00;
WIRG;19260000;180000;6;107.00;293;TEBE;17933000;22700;1;790.00;
MCOL;19052500;3300;2;5773.48;294;FUJI;16972800;66300;4;256.00;
LPKR;19006000;223600;5;85.00;295;ASRI;16368000;99200;4;165.00;
SRAJ;18753600;74000;26;253.43;296;DKFT;16194900;145900;2;111.00;
SLIS;17409800;241800;9;72.00;297;UANG;15425000;21100;10;731.04;
HITS;17247200;37100;27;464.88;298;ITMA;15355000;22400;4;685.49;
CITY;16598300;278400;16;59.62;299;SUNI;15106400;40100;14;376.72;
SPTO;16131000;28300;2;570.00;300;SKRN;14950000;29900;5;500.00;
JAWA;16014000;102000;2;157.00;301;CAMP;14371000;37500;4;383.23;
ACRO-W;15681500;824700;65;19.01;302;SAMF;14069500;18700;3;752.38;
APEX;15501500;81100;4;191.14;303;RMKE;14000500;23100;5;606.08;
ESTA;15238300;197900;9;77.00;304;MLBI;13855000;1800;3;7697.22;
PALM;15045500;28100;13;535.43;305;BLUE;13484600;37400;24;360.55;
INDR;14552000;4700;2;3096.17;306;BJTM;13332000;20200;31;660.00;
KRYA;14520600;268900;14;54.00;307;BELL;12805100;166300;4;77.00;
CAKK;14448200;86700;13;166.65;308;BKDP;12752500;220400;12;57.86;
OMED;14014800;68700;2;204.00;309;ASPI;12747300;92500;29;137.81;
INAF;13478500;26700;7;504.81;310;GOOD;12657600;29300;1;432.00;
SMMT;13400000;15000;6;893.33;311;UVCR;11735200;80000;7;146.69;
BUVA;11735100;198900;1;59.00;312;DVLA;11398500;6700;13;1701.27;
SIMP;11264400;29800;1;378.00;313;SAME;11384600;35800;15;318.01;
MTWI;11095700;144100;4;77.00;314;WIDI;11200000;200000;5;56.00;
KETR;10465000;45500;3;230.00;315;ACST;10808800;77200;12;140.01;
SULI;10425000;75000;3;139.00;316;DLTA;10710000;3000;1;3570.00;
EAST;10341600;74400;1;139.00;317;RUIS;10199200;42800;7;238.30;
CMPP;10177900;81700;10;124.58;318;PUDP;10160000;16000;8;635.00;
SKRN;9960000;20000;1;498.00;319;AMAN;10122900;82300;3;123.00;
AGII;9690500;6400;3;1514.14;320;STRK-W;10000000;5000000;10;2.00;
NETV;9309400;160500;3;58.00;321;PNIN;9850500;9900;4;995.00;
SFAN;9152000;4700;7;1947.23;322;CGAS-W;9814000;257000;8;38.19;
TRGU;8900000;50000;2;178.00;323;VTNY;9713300;54300;16;178.88;
WTON;8827500;82500;1;107.00;324;KOBX;9640400;53500;5;180.19;
SNLK;8412800;17600;1;478.00;325;SAFE;9164200;28800;7;318.20;
CGAS-W;8286700;217500;27;38.10;326;SPMA;8725200;23200;9;376.09;
VINS;8017900;62200;3;128.91;327;TBLA;8092000;11900;7;680.00;
PTSP;7868000;3700;7;2126.49;328;CRSN;7842200;69400;7;113.00;
PJAA;7573500;7500;8;1009.80;329;APLN;7812200;58300;1;134.00;
OKAS;7441200;68900;1;108.00;330;KEEN;7800000;10000;2;780.00;
SEMA;7187600;60400;8;119.00;331;ALKA;7558800;15700;4;481.45;
BMHS;6370600;20500;5;310.76;332;OBMD;7425600;27300;5;272.00;
ASRI;6171200;37400;4;165.01;333;SEMA;7248000;60400;3;120.00;
ALDO;6063000;8600;1;705.00;334;HOMI;7193800;32000;7;224.81;
MASA;6060000;1500;1;4040.00;335;RELF;7003200;291800;2;24.00;
BHAT;6060000;15000;3;404.00;336;ADMF;6950000;600;3;11583.33;
TOOL;6000000;100000;1;60.00;337;NRCA;6800000;20000;1;340.00;
MPRO;5974000;2900;2;2060.00;338;ALDO;6553000;9400;6;697.13;
KOBX;5949400;33700;2;176.54;339;SMKM;6441700;120700;46;53.37;
SDRA;5627000;9700;11;580.10;340;KOPI;5907800;15700;7;376.29;
RDTX;5600000;400;1;14000.00;341;AISA;5801800;44100;11;131.56;
RONY;5539000;19100;2;290.00;342;PEVE;5744800;33400;3;172.00;
KOPI;5406400;15000;7;360.43;343;NIKL;5546400;18400;8;301.43;
BINO;5381600;43400;1;124.00;344;BCIC;5420800;44800;1;121.00;
BRAM;5247500;900;3;5830.56;345;PTIS;5412000;16400;3;330.00;
PBSA;5079600;16600;2;306.00;346;GGRP;5287400;11500;4;459.77;
HALO;5000000;100000;1;50.00;347;MORA;5221000;11400;6;457.98;
BOSS;5000000;100000;1;50.00;348;PTSP;5127000;2100;6;2441.43;
KKGI;4940000;13000;1;380.00;349;DIVA;5060000;23000;1;220.00;
PUDP;4697000;7700;1;610.00;350;MLPT;5006500;3100;2;1615.00;
TAYS;4605000;45000;11;102.33;351;BEST;4816000;34400;8;140.00;
MMLP;4471000;14800;5;302.09;352;TBMS;4560000;1800;3;2533.33;
BNBA;4441500;6300;1;705.00;353;MASA;4499000;1100;2;4090.00;
LUCY;4390600;27400;5;160.24;354;DAYA;4435600;13700;9;323.77;
SMLE;4004000;22000;1;182.00;355;INOV;4368000;31200;4;140.00;
SWID;3921600;51600;2;76.00;356;CEKA;4161500;2200;4;1891.59;
ASBI;3450000;5000;1;690.00;357;BMHS;3879600;12200;1;318.00;
EURO;3404800;25600;1;133.00;358;KMDS;3558800;8200;2;434.00;
SAMF;3330000;4500;1;740.00;359;KKGI;3552600;9300;8;382.00;
TOTO;3065400;13100;1;234.00;360;CENT;3521600;56800;3;62.00;
UDNG;2949700;34400;5;85.75;361;BALI;3387500;2500;1;1355.00;
GTBO;2835000;7100;7;399.30;362;GOLD;3312800;11100;6;298.45;
RMKO;2615200;10000;5;261.52;363;TRIM;3280400;11800;3;278.00;
DAYA;2592800;8500;3;305.04;364;INAF;3198000;6500;3;492.00;
CLEO;2584000;3800;3;680.00;365;BPTR;3096500;35100;6;88.22;
INRU;2370000;2300;2;1030.43;366;INRU;3072500;2900;7;1059.48;
INOV;2353700;17300;3;136.05;367;CITA;3040000;1100;3;2763.64;
EKAD;2083200;8400;2;248.00;368;RONY;2968400;9200;3;322.65;
SMDM;2025500;10600;6;191.08;369;CYBR;2964200;15600;6;190.01;
GOLD;1950800;6500;6;300.12;370;CMPP;2775000;22200;1;125.00;
TRIN;1947000;12500;3;155.76;371;VINS;2740000;20000;1;137.00;
IKBI;1872000;4000;1;468.00;372;SMKL;2686600;13300;3;202.00;
BTPN;1820000;700;2;2600.00;373;ASJT;2549800;20900;5;122.00;
DMAS;1793000;11000;2;163.00;374;NETV;2494000;43000;1;58.00;
DYAN;1646600;20100;9;81.92;375;INDR;2480000;800;1;3100.00;
ECII;1561800;5500;2;283.96;376;ECII;2448600;8500;7;288.07;
PZZA;1541600;4100;1;376.00;377;BEEF;2418200;10700;2;226.00;
CMNP;1359000;900;1;1510.00;378;SHIP;2262000;1900;4;1190.53;
SINI;1322000;1300;7;1016.92;379;LINK;2242000;1800;15;1245.56;
DEPO;1301200;3400;4;382.71;380;PZZA;2184200;5800;5;376.59;
DART;1274100;9700;2;131.35;381;TRGU;2131600;11700;4;182.19;
RICY;1251900;10700;2;117.00;382;NICL;2030400;9400;2;216.00;
TRON;1240000;5000;1;248.00;383;FPNI;1977200;10000;3;197.72;
PTPW;1228500;1300;3;945.00;384;SMLE;1966800;10600;3;185.55;
SOUL;1200000;50000;1;24.00;385;CTBN;1924000;1300;2;1480.00;
SAPX;1092000;1300;1;840.00;386;BSSR;1910000;500;1;3820.00;
MAIN;1064800;2200;2;484.00;387;UDNG;1881200;22500;4;83.61;
KMTR;1050600;3800;3;276.47;388;CASH;1729100;17200;2;100.53;
AMAG;1008000;3500;2;288.00;389;AMOR;1717000;1700;1;1010.00;
MANG;1005000;15000;9;67.00;390;OMRE;1705900;3200;4;533.09;
FAST;988500;1400;2;706.07;391;BBHI;1690000;1300;1;1300.00;
MERK;836000;200;2;4180.00;392;RICY;1682000;14500;4;116.00;
PORT;786000;1200;1;655.00;393;JAWA;1658500;10400;3;159.47;
TALF;756000;2700;1;280.00;394;AEGS;1621500;16600;5;97.68;
BBSI;736000;200;1;3680.00;395;LPPS;1510400;23600;1;64.00;
DLTA;702000;200;1;3510.00;396;BKSW;1480000;18500;3;80.00;
MREI;700000;400;1;1750.00;397;AMIN;1395000;9300;3;150.00;
NELY;689000;1300;1;530.00;398;GTBO;1326000;3300;3;401.82;
TGKA;650000;100;1;6500.00;399;VRNA;1312100;15000;2;87.47;
PRAY;630000;900;1;700.00;400;LUCY;1166100;6900;2;169.00;
PMJS;626800;4400;2;142.45;401;TRIN;1154400;7400;1;156.00;
BLTZ;626000;300;2;2086.67;402;FAST;1036000;1400;1;740.00;
ERTX;615200;2300;2;267.48;403;DILD;1010000;5000;1;202.00;
VOKS;599400;2700;1;222.00;404;RGAS-W;1000000;50000;1;20.00;
WOOD;510000;1700;2;300.00;405;KBLI;980200;2900;1;338.00;
INDS;506000;200;2;2530.00;406;CBUT;959500;600;2;1599.17;
CPRO;504900;9900;1;51.00;407;CSRA;925800;1900;4;487.26;
PANS;502500;300;1;1675.00;408;WIRG;909500;8500;1;107.00;
PSAB;486000;5400;3;90.00;409;KJEN;882700;9700;1;91.00;
SHIP;480000;400;2;1200.00;410;SBMA;879800;5500;2;159.96;
BJTM;465000;700;2;664.29;411;INDO;864500;9500;1;91.00;
BTON;418000;1100;1;380.00;412;DEPO;860600;2300;3;374.17;
CCSI;397800;900;2;442.00;413;TGUK;852600;8700;2;98.00;
TRIM;392000;1400;1;280.00;414;HERO;814500;900;2;905.00;
DOOH-W;385600;96400;2;4.00;415;IMJS;801000;2800;4;286.07;
KBLI;369600;1100;1;336.00;416;BBSI;728000;200;1;3640.00;
IBOS;367000;900;2;407.78;417;APLI;714000;1400;4;510.00;
GMFI;296000;3700;1;80.00;418;TLDN;678000;1500;1;452.00;
TCID;290000;100;1;2900.00;419;MMIX;643000;3800;7;169.21;
BNLI;285000;300;1;950.00;420;GSMF;630000;10000;1;63.00;
LION;277500;500;1;555.00;421;RANC;594000;900;1;660.00;
PNBS;270000;5000;1;54.00;422;BRAM;585000;100;1;5850.00;
BBMD;191000;100;1;1910.00;423;DWGL;575000;5000;2;115.00;
AXIO;168100;900;2;186.78;424;MLPL;560900;7900;1;71.00;
ATIC;162400;400;1;406.00;425;TRUS;525200;1300;11;404.00;
BGTG;154000;2000;1;77.00;426;RGAS;514800;5200;1;99.00;
ABBA;153700;2900;1;53.00;427;SRAJ;508000;2000;1;254.00;
ACST;141600;1000;2;141.60;428;APII;486200;2600;1;187.00;
NRCA;136800;400;2;342.00;429;BTON;479600;1200;6;399.67;
EMDE;126200;1000;2;126.20;430;ERTX;455600;1700;3;268.00;
AMAR;120800;400;1;302.00;431;SMLE-W;451500;30100;2;15.00;
PPRE;118900;1500;2;79.27;432;ATIC;444400;1100;1;404.00;
TRUS;115400;300;3;384.67;433;BINA;417000;100;1;4170.00;
NIRO;112000;800;1;140.00;434;DOOH-W;385600;96400;3;4.00;
PKPK;109800;300;1;366.00;435;CARS;368600;3800;2;97.00;
SIPD;102000;100;1;1020.00;436;KBLV;363000;4800;5;75.63;
KIOS;93800;1800;2;52.11;437;ADMG;358800;2600;9;138.00;
ASGR;92500;100;1;925.00;438;PURI;353600;1700;2;208.00;
STAR;90900;900;1;101.00;439;LPGI;350000;100;1;3500.00;
MITI;79600;400;2;199.00;440;BAPA;340000;5000;1;68.00;
INPC;79200;1100;1;72.00;441;FOLK;324500;5500;2;59.00;
GEMA;77400;300;1;258.00;442;IDPR;294500;2000;2;147.25;
MOLI;68400;200;1;342.00;443;IPOL;292000;2000;1;146.00;
DIVA;66000;300;1;220.00;444;TCID;290000;100;1;2900.00;
MARI;55000;1100;1;50.00;445;PBID;278000;200;1;1390.00;
BOLA;48300;300;2;161.00;446;INDS;254000;100;1;2540.00;
MTLA;42200;100;1;422.00;447;FIRE;249800;2100;2;118.95;
MCOR;39000;500;1;78.00;448;ARII;240000;1100;2;218.18;
DFAM;37800;600;2;63.00;449;ZBRA;228400;500;2;456.80;
JAST;35700;700;1;51.00;450;IPCM;197400;700;1;282.00;
PSGO;31600;200;1;158.00;451;BABY;154200;900;2;171.33;
NIKL;30000;100;1;300.00;452;BGTG;154000;2000;1;77.00;
PTSN;25800;100;1;258.00;453;TALF;150000;500;1;300.00;
DNAR;24600;200;2;123.00;454;RELI;150000;300;1;500.00;
LPLI;23000;100;1;230.00;455;SKLT;107200;400;1;268.00;
GWSA;15500;100;1;155.00;456;PRIM;102700;1300;1;79.00;
POLL;15100;100;1;151.00;457;AMAG;87000;300;1;290.00;
DWGL;11700;100;1;117.00;458;OKAS;65300;600;2;108.83;
MDLN;6300;100;1;63.00;459;BUDI;55200;200;1;276.00;
;;;;460;UNSP;45600;400;2;114.00;
;;;;461;IGAR;44000;100;1;440.00;
;;;;462;MKTR;13900;100;1;139.00;
